vin,make,model,year,category
5J8TC2H72ML002632,Accura,RSX,2009,S
5J8TC2H72ML002633,Accura,MDX,1999,J
5J8TC2H72ML002634,Accura,TL,2015,F
5J8TC2H72ML002635,Accura,RSX,1996,S
JH4KB16608C000030,Accura,TL,2011,F
JH4KB16608C000031,Accura,MDX,2002,J
JH4KB16608C000032,Accura,MDX,2005,J
JH4KB16608C000033,Accura,TL,2005,F
JH4KB16608C000034,Accura,MDX,2011,J
JH4KB16608C000035,Accura,MDX,1997,J
JH4KB16608C000036,Accura,MDX,1995,J
JH4KB16608C000037,Accura,MDX,2012,J
JH4KB16608C000038,Accura,MDX,2011,J
JH4KB16608C000039,Accura,TL,2002,F
JH4KB16608C000040,Accura,RSX,2009,S
19VDE2E71FE427202,Accura,MDX,2006,J
19VDE2E71FE427203,Accura,MDX,2008,J
19VDE2E71FE427204,Accura,RSX,2010,S
19VDE2E71FE427205,Accura,MDX,2000,J
19VDE2E71FE427206,Accura,TL,2004,F
19VDE2E71FE427207,Accura,MDX,2008,J
19VDE2E71FE427208,Accura,TL,2006,F
19VDE2E71FE427209,Accura,TL,2001,F
19VDE2E71FE427210,Accura,MDX,1998,J
19VDE2E71FE427211,Accura,TL,2002,F
19VDE2E71FE427212,Accura,TL,2011,F
19VDE2E71FE427213,Accura,TL,2011,F
19VDE2E71FE427214,Accura,MDX,2015,J
19VDE2E71FE427215,Accura,MDX,1995,J
19VDE2E71FE427216,Accura,MDX,2006,J
JH4CU2E60BC012594,Accura,MDX,1999,J
JH4CU2E60BC012595,Accura,MDX,2002,J
JH4CU2E60BC012596,Accura,TL,1999,F
JH4CU2E60BC012597,Accura,MDX,2005,J
JH4CU2E60BC012598,Accura,RSX,2004,S
JH4CU2E60BC012599,Accura,MDX,2000,J
JH4CU2E60BC012600,Accura,MDX,2005,J
JH4CU2E60BC012601,Accura,TL,2008,F
JH4CU2E60BC012602,Accura,RSX,2001,S
JH4CU2E60BC012603,Accura,TL,2004,F
JH4CU2E60BC012604,Accura,MDX,1997,J
JH4CU2E60BC012605,Accura,RSX,2003,S
JH4CU2E60BC012606,Accura,MDX,2004,J
JH4CU2E60BC012607,Accura,MDX,2006,J
JH4CU2E60BC012608,Accura,TL,2000,F
JH4CU2E60BC012609,Accura,TL,2001,F
JH4CU2E60BC012610,Accura,MDX,1996,J
19UYA31581L000000,Accura,MDX,1995,J
19UYA31581L000001,Accura,TL,2000,F
19UYA31581L000002,Accura,MDX,2005,J
19UYA31581L000003,Accura,RSX,2006,S
19UYA31581L000004,Accura,TL,2001,F
19UYA31581L000005,Accura,MDX,1995,J
19UYA31581L000006,Accura,MDX,1999,J
19UYA31581L000007,Accura,MDX,2005,J
19UYA31581L000008,Accura,MDX,2013,J
19UYA31581L000009,Accura,RSX,2014,S
19UYA31581L000010,Accura,MDX,1999,J
19UYA31581L000011,Accura,TL,2014,F
19UYA31581L000012,Accura,TL,2011,F
19UYA31581L000013,Accura,RSX,2006,S
19UYA31581L000014,Accura,MDX,2000,J
19UYA31581L000015,Accura,RSX,2007,S
19UYA31581L000016,Accura,MDX,2012,J
19UYA31581L000017,Accura,MDX,2003,J
19UYA31581L000018,Accura,MDX,2012,J
19UYA31581L000019,Accura,RSX,2002,S
19UYA31581L000020,Accura,TL,2002,F
JH4CW2H50CC000234,Accura,TL,2015,F
JH4CW2H50CC000235,Accura,MDX,2015,J
JH4CW2H50CC000236,Accura,MDX,2013,J
WA1KK68R29A016873,Audi,A5,2015,F
WA1KK68R29A016874,Audi,A3,2006,C
WA1KK68R29A016875,Audi,A3,1999,C
WA1KK68R29A016876,Audi,A3,2003,C
WA1KK68R29A016877,Audi,A5,2009,F
WA1KK68R29A016878,Audi,A5,1997,F
WA1KK68R29A016879,Audi,A3,2003,C
WA1KK68R29A016880,Audi,A3,2005,C
WA1KK68R29A016881,Audi,A3,2013,C
WAUWGAFC9CN141568,Audi,A3,2007,C
WAUWGAFC9CN141569,Audi,A3,2014,C
WAUWGAFC9CN141570,Audi,A5,1996,F
WAUWGAFC9CN141571,Audi,A5,2012,F
WAUWGAFC9CN141572,Audi,A3,2006,C
WAUWGAFC9CN141573,Audi,A3,2009,C
WAUWGAFC9CN141574,Audi,A3,2005,C
WAUDJ84A0PN039696,Audi,A3,2006,C
WAUDJ84A0PN039697,Audi,A5,2008,F
WAUDJ84A0PN039698,Audi,A5,2015,F
WAUDJ84A0PN039699,Audi,A3,1996,C
WAUDJ84A0PN039700,Audi,A5,1999,F
WAUDJ84A0PN039701,Audi,A3,2012,C
WAUDJ84A0PN039702,Audi,A3,2010,C
WAUDJ84A0PN039703,Audi,A5,2008,F
WAUBH24B0YN035142,Audi,A3,2015,C
WAUBH24B0YN035143,Audi,A3,2002,C
WAUBH24B0YN035144,Audi,A3,2014,C
WAUBH24B0YN035145,Audi,A5,2009,F
WAUBH24B0YN035146,Audi,A3,2007,C
WAUBH24B0YN035147,Audi,A3,2006,C
WAUBH24B0YN035148,Audi,A5,2014,F
WAUBH24B0YN035149,Audi,A5,2014,F
WAUBH24B0YN035150,Audi,A5,2004,F
WA1DKBFP0BA017237,Audi,A5,2005,F
WA1DKBFP0BA017238,Audi,A5,2004,F
WA1DKBFP0BA017239,Audi,A3,1997,C
WA1DKBFP0BA017240,Audi,A3,2015,C
WA1DKBFP0BA017241,Audi,A5,2003,F
WA1DKBFP0BA017242,Audi,A5,2002,F
WA1DKBFP0BA017243,Audi,A3,2008,C
WA1DKBFP0BA017244,Audi,A5,1999,F
WA1DKBFP0BA017245,Audi,A3,2010,C
WA1DKBFP0BA017246,Audi,A3,1997,C
WAUVFAFH1BN009820,Audi,A3,2001,C
WAUVFAFH1BN009821,Audi,A5,2007,F
WAUVFAFH1BN009822,Audi,A5,2000,F
WAUVFAFH1BN009823,Audi,A5,1997,F
WAUVFAFH1BN009824,Audi,A5,2002,F
WAUVFAFH1BN009825,Audi,A3,2013,C
WAUVFAFH1BN009826,Audi,A3,2002,C
WAUVFAFH1BN009827,Audi,A3,2010,C
WAUVFAFH1BN009828,Audi,A5,2005,F
WAUPJAFM0B0010247,Audi,A3,2002,C
WAUPJAFM0B0010248,Audi,A3,1998,C
WAUPJAFM0B0010249,Audi,A3,1995,C
WAUPJAFM0B0010250,Audi,A3,2009,C
WAUPJAFM0B0010251,Audi,A5,1999,F
WAUPJAFM0B0010252,Audi,A5,1995,F
WAUPJAFM0B0010253,Audi,A5,2009,F
WAUPJAFM0B0010254,Audi,A5,2001,F
WAUPJAFM0B0010255,Audi,A5,2007,F
WAUPJAFM0B0010256,Audi,A3,2015,C
TRUUT28N311005103,Audi,A5,2005,F
TRUUT28N311005104,Audi,A3,2002,C
TRUUT28N311005105,Audi,A5,1998,F
TRUUT28N311005106,Audi,A3,2015,C
TRUUT28N311005107,Audi,A5,1997,F
TRUUT28N311005108,Audi,A3,2014,C
TRUUT28N311005109,Audi,A5,1998,F
TRUUT28N311005110,Audi,A5,2015,F
TRUUT28N311005111,Audi,A5,2015,F
WAUFGAFC4EN108951,Audi,A5,2015,F
WAUFGAFC4EN108952,Audi,A3,2015,C
WAUFGAFC4EN108953,Audi,A3,2015,C
WAUFGAFC4EN108954,Audi,A3,2015,C
WAUFGAFC4EN108955,Audi,A3,2014,C
WAUFGAFC4EN108956,Audi,A3,2014,C
WAUFGAFC4EN108957,Audi,A3,2014,C
WAUFGAFC4EN108958,Audi,A3,2014,C
WAUFGAFC4EN108959,Audi,A3,2014,C
WAUFGAFC4EN108960,Audi,A5,2009,F
WAUFGAFC4EN108961,Audi,A5,2009,F
WAUFGAFC4EN108962,Audi,A5,2009,F
WAUFGAFC4EN108963,Audi,A3,2012,C
WAUFGAFC4EN108964,Audi,A3,2012,C
WBAFR9C51DD090461,BMW,3 Series,2008,D
WBAFR9C51DD090462,BMW,M5,2010,E
WBAFR9C51DD090463,BMW,X5,2001,S
WBAFR9C51DD090464,BMW,M5,2008,E
WBAFR9C51DD090465,BMW,M5,2011,E
WBAFR9C51DD090466,BMW,X6,1998,J
WBAFR9C51DD090467,BMW,X6,2005,J
WBAFR9C51DD090468,BMW,M5,2013,E
WBAFR9C51DD090469,BMW,3 Series,2015,D
WBAFR9C51DD090470,BMW,X5,2007,S
WBAFR9C54DC271575,BMW,X5,2001,S
WBAFR9C54DC271576,BMW,3 Series,2010,D
WBAFR9C54DC271577,BMW,X5,2011,S
WBAFR9C54DC271578,BMW,M5,1998,E
WBAFR9C54DC271579,BMW,X5,2006,S
WBAFR9C54DC271580,BMW,3 Series,2006,D
WBAFR9C54DC271581,BMW,X5,2010,S
WBAAM5330XFR00400,BMW,X5,1995,S
WBAAM5330XFR00401,BMW,X6,1996,J
WBAAM5330XFR00402,BMW,3 Series,1997,D
WBAAM5330XFR00403,BMW,M5,2011,E
WBAAM5330XFR00404,BMW,X5,2004,S
WBAAM5330XFR00405,BMW,X6,1999,J
WBAAM5330XFR00406,BMW,X5,2009,S
WBAAM5330XFR00407,BMW,M5,2004,E
WBAAM5330XFR00408,BMW,X6,1997,J
WBAAM5330XFR00409,BMW,X5,1997,S
WBSDX9C52BE784172,BMW,3 Series,2013,D
WBSDX9C52BE784173,BMW,X5,2010,S
WBSDX9C52BE784174,BMW,X6,2014,J
WBSDX9C52BE784175,BMW,3 Series,2008,D
WBSDX9C52BE784176,BMW,X6,2009,J
WBSDX9C52BE784177,BMW,X5,2009,S
WBSDX9C52BE784178,BMW,3 Series,2012,D
WBSDX9C52BE784179,BMW,3 Series,2002,D
WBSDX9C52BE784180,BMW,3 Series,2000,D
WBABE5301PJA03688,BMW,X5,2013,S
WBABE5301PJA03689,BMW,3 Series,1995,D
WBABE5301PJA03690,BMW,M5,2006,E
WBABE5301PJA03691,BMW,3 Series,2005,D
WBABE5301PJA03692,BMW,X5,2007,S
WBABE5301PJA03693,BMW,X5,2013,S
WBABE5301PJA03694,BMW,X6,2007,J
WBABE5301PJA03695,BMW,M5,1998,E
WBABE5301PJA03696,BMW,X6,2000,J
WBABE5301PJA03697,BMW,3 Series,2013,D
WBAGH8345YD656765,BMW,X5,2010,S
WBAGH8345YD656766,BMW,X5,2015,S
WBAGH8345YD656767,BMW,X6,1996,J
WBAGH8345YD656768,BMW,3 Series,2008,D
WBAGH8345YD656769,BMW,M5,2012,E
WBAGH8345YD656770,BMW,X5,1998,S
WBAGH8345YD656771,BMW,X6,2014,J
WBAGH8345YD656772,BMW,X6,2006,J
WBAU973568UF06685,BMW,X6,1999,J
WBAU973568UF06686,BMW,X6,2007,J
WBAU973568UF06687,BMW,M5,2003,E
WBAU973568UF06688,BMW,X5,2004,S
WBAU973568UF06689,BMW,X5,2005,S
WBAU973568UF06690,BMW,X6,1995,J
WBAU973568UF06691,BMW,M5,2000,E
WBAU973568UF06692,BMW,X5,2000,S
WBAU973568UF06693,BMW,X5,1998,S
WBAU973568UF06694,BMW,3 Series,2011,D
WBS3R9108FK320999,BMW,M5,1998,E
WBS3R9108FK321000,BMW,3 Series,2004,D
WBS3R9108FK321001,BMW,X5,2011,S
WBS3R9108FK321002,BMW,M5,2011,E
WBS3R9108FK321003,BMW,X6,2005,J
WBS3R9108FK321004,BMW,3 Series,2006,D
WBS3R9108FK321005,BMW,3 Series,1995,D
WBS3R9108FK321006,BMW,M5,2011,E
1G1FP87W0F0016084,Chevrolet,Tahoe,2014,J
1G1FP87W0F0016085,Chevrolet,Silverado,1995,M
1G1FP87W0F0016086,Chevrolet,Silverado,2014,M
1G1FP87W0F0016087,Chevrolet,Malibu,1999,C
1G1FP87W0F0016088,Chevrolet,Malibu,2014,C
1G1FP87W0F0016089,Chevrolet,Silverado,2013,M
1G1FP87W0F0016090,Chevrolet,Silverado,1997,M
1G1FP87W0F0016091,Chevrolet,Malibu,1998,C
1G1FP87W0F0016092,Chevrolet,Silverado,2010,M
1G1FP87W0F0016093,Chevrolet,Malibu,2011,C
1G1FP87W0F0016094,Chevrolet,Tahoe,2010,J
1G1FP87W0F0016095,Chevrolet,Tahoe,2003,J
1GCNCPEH7EZ302957,Chevrolet,Malibu,2015,C
1GCNCPEH7EZ302958,Chevrolet,Tahoe,2009,J
1GCNCPEH7EZ302959,Chevrolet,Silverado,1995,M
1GCNCPEH7EZ302960,Chevrolet,Silverado,2001,M
1GCNCPEH7EZ302961,Chevrolet,Tahoe,2010,J
1GCNCPEH7EZ302962,Chevrolet,Malibu,2001,C
1GCNCPEH7EZ302963,Chevrolet,Tahoe,2002,J
1GCNCPEH7EZ302964,Chevrolet,Tahoe,2007,J
1GCNCPEH7EZ302965,Chevrolet,Malibu,2013,C
1GCNCPEH7EZ302966,Chevrolet,Malibu,1996,C
1GCNCPEH7EZ302967,Chevrolet,Tahoe,2014,J
1GCNCPEH7EZ302968,Chevrolet,Silverado,2008,M
1GCNCPEH7EZ302969,Chevrolet,Tahoe,1997,J
1GCNCPEH7EZ302970,Chevrolet,Malibu,2012,C
1GNDX33LX5D202128,Chevrolet,Malibu,2002,C
1GNDX33LX5D202129,Chevrolet,Silverado,2012,M
1GNDX33LX5D202130,Chevrolet,Silverado,2001,M
1GNDX33LX5D202131,Chevrolet,Tahoe,2008,J
1GNDX33LX5D202132,Chevrolet,Silverado,1996,M
1GNDX33LX5D202133,Chevrolet,Silverado,1999,M
1GNDX33LX5D202134,Chevrolet,Malibu,2009,C
1GNDX33LX5D202135,Chevrolet,Malibu,2003,C
1GNDX33LX5D202136,Chevrolet,Malibu,2011,C
1GNDX33LX5D202137,Chevrolet,Tahoe,2007,J
1GNDX33LX5D202138,Chevrolet,Malibu,2003,C
1GNDX33LX5D202139,Chevrolet,Malibu,2015,C
1GNDX33LX5D202140,Chevrolet,Tahoe,2013,J
1GCRKSE00E0011836,Chevrolet,Silverado,2004,M
1GCRKSE00E0011837,Chevrolet,Tahoe,2014,J
1GCRKSE00E0011838,Chevrolet,Malibu,1995,C
1GCRKSE00E0011839,Chevrolet,Malibu,2010,C
1GCRKSE00E0011840,Chevrolet,Malibu,2007,C
1GCRKSE00E0011841,Chevrolet,Silverado,2004,M
1GCRKSE00E0011842,Chevrolet,Malibu,2000,C
1GCRKSE00E0011843,Chevrolet,Tahoe,1999,J
1GCRKSE00E0011844,Chevrolet,Tahoe,1995,J
1GCRKSE00E0011845,Chevrolet,Tahoe,2005,J
1GCRKSE00E0011846,Chevrolet,Malibu,2008,C
1GCRKSE00E0011847,Chevrolet,Tahoe,1997,J
1GCRKSE00E0011848,Chevrolet,Silverado,2008,M
1GCRKSE00E0011849,Chevrolet,Malibu,2015,C
1GCRKSE00E0011850,Chevrolet,Tahoe,2007,J
1GB1KZCG0D0018228,Chevrolet,Silverado,2004,M
1GB1KZCG0D0018229,Chevrolet,Tahoe,2007,J
1GB1KZCG0D0018230,Chevrolet,Tahoe,2011,J
1GB1KZCG0D0018231,Chevrolet,Silverado,1995,M
1GB1KZCG0D0018232,Chevrolet,Malibu,2003,C
1GB1KZCG0D0018233,Chevrolet,Tahoe,1997,J
1GB1KZCG0D0018234,Chevrolet,Silverado,1995,M
1GB1KZCG0D0018235,Chevrolet,Malibu,2011,C
1GB1KZCG0D0018236,Chevrolet,Tahoe,2000,J
1GB1KZCG0D0018237,Chevrolet,Malibu,2009,C
1GBJC74K09E107666,Chevrolet,Malibu,2013,C
1GBJC74K09E107667,Chevrolet,Malibu,2009,C
1GBJC74K09E107668,Chevrolet,Malibu,1998,C
1GBJC74K09E107669,Chevrolet,Malibu,2007,C
1GBJC74K09E107670,Chevrolet,Silverado,2015,M
1GBJC74K09E107671,Chevrolet,Malibu,1998,C
1GBJC74K09E107672,Chevrolet,Silverado,2002,M
1GBJC74K09E107673,Chevrolet,Silverado,1995,M
1GBJC74K09E107674,Chevrolet,Silverado,2013,M
1GBJC74K09E107675,Chevrolet,Tahoe,2007,J
1GBJC74K09E107676,Chevrolet,Tahoe,2012,J
1GBJC74K09E107677,Chevrolet,Malibu,2015,C
2B4FK2132HR250069,Dodge,RAM,2007,M
2B4FK2132HR250070,Dodge,Neon,2003,B
2B4FK2132HR250071,Dodge,RAM,2011,M
2B4FK2132HR250072,Dodge,Neon,2009,B
2B4FK2132HR250073,Dodge,RAM,2010,M
2B4FK2132HR250074,Dodge,Neon,1995,B
2B4FK2132HR250075,Dodge,Neon,2002,B
2B4FK2132HR250076,Dodge,RAM,2006,M
2B4FK2132HR250077,Dodge,RAM,2010,M
2B4FK2132HR250078,Dodge,RAM,2012,M
2B4FK2132HR250079,Dodge,Neon,1997,B
2B4FK2132HR250080,Dodge,Neon,2001,B
2B4FK2132HR250081,Dodge,Neon,1997,B
2B4FK2132HR250082,Dodge,RAM,1999,M
2B4FK2132HR250083,Dodge,Neon,2004,B
2B4FK2132HR250084,Dodge,RAM,1999,M
3C7WRKBJ2EG256647,Dodge,RAM,2012,M
3C7WRKBJ2EG256648,Dodge,RAM,2012,M
3C7WRKBJ2EG256649,Dodge,RAM,1995,M
3C7WRKBJ2EG256650,Dodge,Neon,2014,B
3C7WRKBJ2EG256651,Dodge,RAM,2001,M
3C7WRKBJ2EG256652,Dodge,RAM,2003,M
3C7WRKBJ2EG256653,Dodge,RAM,2010,M
3C7WRKBJ2EG256654,Dodge,RAM,1999,M
3C7WRKBJ2EG256655,Dodge,RAM,2002,M
3C7WRKBJ2EG256656,Dodge,Neon,2013,B
3C7WRKBJ2EG256657,Dodge,RAM,1997,M
3C7WRKBJ2EG256658,Dodge,Neon,2001,B
3C7WRKBJ2EG256659,Dodge,RAM,1999,M
3C7WRKBJ2EG256660,Dodge,Neon,1996,B
1B7FD14T2HS479661,Dodge,Neon,2006,B
1B7FD14T2HS479662,Dodge,Neon,2008,B
1B7FD14T2HS479663,Dodge,Neon,2014,B
1B7FD14T2HS479664,Dodge,Neon,2013,B
1B7FD14T2HS479665,Dodge,Neon,2003,B
1B7FD14T2HS479666,Dodge,Neon,2003,B
1B7FD14T2HS479667,Dodge,RAM,2012,M
1B7FD14T2HS479668,Dodge,Neon,2005,B
1B7FD14T2HS479669,Dodge,RAM,2014,M
1B7FD14T2HS479670,Dodge,RAM,2013,M
1B7FD14T2HS479671,Dodge,Neon,2007,B
1B7FD14T2HS479672,Dodge,RAM,2009,M
1B7FD14T2HS479673,Dodge,RAM,1997,M
1B7FD14T2HS479674,Dodge,RAM,2014,M
3D3KA26W030018320,Dodge,RAM,2003,M
3D3KA26W030018321,Dodge,Neon,1995,B
3D3KA26W030018322,Dodge,Neon,2010,B
3D3KA26W030018323,Dodge,RAM,2005,M
3D3KA26W030018324,Dodge,Neon,2004,B
3D3KA26W030018325,Dodge,RAM,1995,M
3D3KA26W030018326,Dodge,Neon,2006,B
3D3KA26W030018327,Dodge,RAM,2000,M
3D3KA26W030018328,Dodge,Neon,2011,B
3D3KA26W030018329,Dodge,Neon,1997,B
3D3KA26W030018330,Dodge,RAM,2004,M
2B4GP4534TR765868,Dodge,Neon,1998,B
2B4GP4534TR765869,Dodge,RAM,2004,M
2B4GP4534TR765870,Dodge,RAM,2015,M
2B4GP4534TR765871,Dodge,Neon,1997,B
2B4GP4534TR765872,Dodge,RAM,1999,M
2B4GP4534TR765873,Dodge,RAM,2007,M
2B4GP4534TR765874,Dodge,RAM,1995,M
2B4GP4534TR765875,Dodge,Neon,1995,B
2B4GP4534TR765876,Dodge,Neon,2003,B
2B4GP4534TR765877,Dodge,RAM,2009,M
2B4GP4534TR765878,Dodge,Neon,2007,B
2B4GP4534TR765879,Dodge,RAM,2009,M
1B3ACB6R78N503358,Dodge,Neon,2009,B
1B3ACB6R78N503359,Dodge,Neon,2011,B
1B3ACB6R78N503360,Dodge,RAM,2003,M
1B3ACB6R78N503361,Dodge,RAM,2008,M
1B3ACB6R78N503362,Dodge,RAM,2000,M
1B3ACB6R78N503363,Dodge,Neon,2011,B
1B3ACB6R78N503364,Dodge,RAM,1995,M
1B3ACB6R78N503365,Dodge,RAM,2008,M
1B3ACB6R78N503366,Dodge,Neon,2008,B
1B3ACB6R78N503367,Dodge,RAM,2011,M
1B3ACB6R78N503368,Dodge,RAM,1995,M
1B3ACB6R78N503369,Dodge,Neon,1999,B
1B3ACB6R78N503370,Dodge,Neon,2008,B
1FTCA14X0M0014975,Ford,F150,2002,M
1FTCA14X0M0014976,Ford,Escape,2005,J
1FTCA14X0M0014977,Ford,Escape,2006,J
1FTCA14X0M0014978,Ford,F150,2006,M
1FTCA14X0M0014979,Ford,F150,2009,M
1FTCA14X0M0014980,Ford,Escape,2000,J
1FTCA14X0M0014981,Ford,Escape,2006,J
1FTCA14X0M0014982,Ford,F150,2004,M
1FTCA14X0M0014983,Ford,Fusion,2010,B
1FTCA14X0M0014984,Ford,F150,2007,M
1FTCA14X0M0014985,Ford,Fusion,2009,B
1FTCA14X0M0014986,Ford,Fusion,2013,B
1FTJS34S0VHC12160,Ford,F150,2015,M
1FTJS34S0VHC12161,Ford,F150,2001,M
1FTJS34S0VHC12162,Ford,Fusion,2015,B
1FTJS34S0VHC12163,Ford,Fusion,2008,B
1FTJS34S0VHC12164,Ford,Escape,2013,J
1FTJS34S0VHC12165,Ford,Escape,1999,J
1FTJS34S0VHC12166,Ford,Escape,2015,J
1FTJS34S0VHC12167,Ford,Fusion,2002,B
1FTJS34S0VHC12168,Ford,F150,1999,M
1FTJS34S0VHC12169,Ford,F150,2011,M
1FTJS34S0VHC12170,Ford,Fusion,2013,B
1FTJS34S0VHC12171,Ford,Fusion,1997,B
1FMDU84P4YZC41087,Ford,Escape,2009,J
1FMDU84P4YZC41088,Ford,Escape,2013,J
1FMDU84P4YZC41089,Ford,F150,1997,M
1FMDU84P4YZC41090,Ford,Escape,2004,J
1FMDU84P4YZC41091,Ford,Fusion,2011,B
1FMDU84P4YZC41092,Ford,Fusion,1995,B
1FMDU84P4YZC41093,Ford,F150,2007,M
1FMDU84P4YZC41094,Ford,Fusion,2012,B
1FMDU84P4YZC41095,Ford,Escape,2008,J
1FMDU84P4YZC41096,Ford,Escape,1995,J
1FMDU84P4YZC41097,Ford,Fusion,2004,B
1FMDU84P4YZC41098,Ford,Escape,2007,J
1FMDU84P4YZC41099,Ford,Fusion,1999,B
2FMEK62C99BA18787,Ford,F150,2015,M
2FMEK62C99BA18788,Ford,F150,2004,M
2FMEK62C99BA18789,Ford,F150,2013,M
2FMEK62C99BA18790,Ford,F150,1995,M
2FMEK62C99BA18791,Ford,F150,2011,M
2FMEK62C99BA18792,Ford,Escape,2009,J
2FMEK62C99BA18793,Ford,Fusion,2008,B
2FMEK62C99BA18794,Ford,Fusion,2010,B
2FMEK62C99BA18795,Ford,Fusion,2006,B
2FMEK62C99BA18796,Ford,Fusion,2010,B
2FMEK62C99BA18797,Ford,Escape,1999,J
2FMEK62C99BA18798,Ford,Escape,2001,J
2FMEK62C99BA18799,Ford,Escape,1997,J
2FMEK62C99BA18800,Ford,F150,1996,M
2FMEK62C99BA18801,Ford,F150,1999,M
1FD9W4GT6CEB55152,Ford,Escape,2013,J
1FD9W4GT6CEB55153,Ford,F150,2001,M
1FD9W4GT6CEB55154,Ford,F150,2010,M
1FD9W4GT6CEB55155,Ford,F150,2002,M
1FD9W4GT6CEB55156,Ford,Escape,2010,J
1FD9W4GT6CEB55157,Ford,Escape,1996,J
1FD9W4GT6CEB55158,Ford,Escape,2002,J
1FD9W4GT6CEB55159,Ford,F150,2012,M
1FD9W4GT6CEB55160,Ford,F150,2003,M
1FD9W4GT6CEB55161,Ford,Fusion,2008,B
1FD9W4GT6CEB55162,Ford,Fusion,2012,B
1FD9W4GT6CEB55163,Ford,Fusion,2009,B
3FAHP0DC3AR119106,Ford,F150,2001,M
3FAHP0DC3AR119107,Ford,F150,2011,M
3FAHP0DC3AR119108,Ford,Fusion,2015,B
3FAHP0DC3AR119109,Ford,F150,2000,M
3FAHP0DC3AR119110,Ford,F150,2001,M
3FAHP0DC3AR119111,Ford,Escape,2010,J
3FAHP0DC3AR119112,Ford,Escape,2007,J
3FAHP0DC3AR119113,Ford,Escape,2008,J
3FAHP0DC3AR119114,Ford,F150,2007,M
3FAHP0DC3AR119115,Ford,Fusion,2009,B
3FAHP0DC3AR119116,Ford,Fusion,2013,B
3FAHP0DC3AR119117,Ford,F150,2015,M
3FAHP0DC3AR119118,Ford,F150,2001,M
3FAHP0DC3AR119119,Ford,Fusion,2015,B
3FAHP0DC3AR119120,Ford,F150,2007,M
3FAHP0DC3AR119121,Ford,Fusion,2009,B
3FAHP0DC3AR119122,Ford,Fusion,2013,B
3FAHP0DC3AR119123,Ford,F150,2015,M
3FAHP0DC3AR119124,Ford,F150,2001,M
3FAHP0DC3AR119125,Ford,Fusion,2015,B
1HGCB767XPA016605,Honda,Civic,2014,C
1HGCB767XPA016606,Honda,CRV,2014,C
1HGCB767XPA016607,Honda,Accord,1997,C
1HGCB767XPA016608,Honda,Civic,1995,C
1HGCB767XPA016609,Honda,Accord,2004,C
1HGCB767XPA016610,Honda,Accord,1999,C
1HGCB767XPA016611,Honda,Civic,1998,C
1HGCB767XPA016612,Honda,Civic,2003,C
1HGCB767XPA016613,Honda,CRV,2007,C
1HFSC55126A200093,Honda,Civic,2014,C
1HFSC55126A200094,Honda,Civic,2009,C
1HFSC55126A200095,Honda,CRV,2005,C
1HFSC55126A200096,Honda,Civic,2010,C
1HFSC55126A200097,Honda,CRV,2001,C
1HFSC55126A200098,Honda,Accord,2009,C
1HFSC55126A200099,Honda,Accord,2001,C
1HFSC55126A200100,Honda,CRV,2000,C
JHMED8356KS865643,Honda,CRV,2009,C
JHMED8356KS865644,Honda,CRV,2011,C
JHMED8356KS865645,Honda,Accord,2015,C
JHMED8356KS865646,Honda,Civic,2002,C
JHMED8356KS865647,Honda,Accord,2003,C
JHMED8356KS865648,Honda,Civic,1999,C
JHMED8356KS865649,Honda,CRV,1995,C
JHMED8356KS865650,Honda,Accord,2001,C
JHMED8356KS865651,Honda,CRV,2003,C
JHMED8356KS865652,Honda,CRV,2003,C
2HGES25773H531408,Honda,Civic,2001,C
2HGES25773H531409,Honda,Civic,2005,C
2HGES25773H531410,Honda,Civic,1996,C
2HGES25773H531411,Honda,CRV,2013,C
2HGES25773H531412,Honda,Civic,2007,C
2HGES25773H531413,Honda,CRV,1996,C
2HGES25773H531414,Honda,CRV,2014,C
2HGES25773H531415,Honda,CRV,2012,C
2HGES25773H531416,Honda,CRV,2009,C
2HGES25773H531417,Honda,CRV,2015,C
JH2RC3603MM100851,Honda,Accord,2006,C
JH2RC3603MM100852,Honda,Civic,1998,C
JH2RC3603MM100853,Honda,Civic,1998,C
JH2RC3603MM100854,Honda,Civic,2006,C
JH2RC3603MM100855,Honda,CRV,2011,C
JH2RC3603MM100856,Honda,Civic,2002,C
JH2RC3603MM100857,Honda,Accord,1997,C
JH2RC3603MM100858,Honda,Civic,2010,C
JH2RC3603MM100859,Honda,CRV,2011,C
JH2RC3603MM100860,Honda,Accord,1998,C
1HFSC0401CA204871,Honda,Civic,1999,C
1HFSC0401CA204872,Honda,Accord,2003,C
1HFSC0401CA204873,Honda,Civic,1996,C
1HFSC0401CA204874,Honda,CRV,2003,C
1HFSC0401CA204875,Honda,CRV,2004,C
1HFSC0401CA204876,Honda,Civic,1997,C
1HFSC0401CA204877,Honda,Civic,1996,C
1HFSC0401CA204878,Honda,Accord,2006,C
1JTCL64R0H0016922,Jeep,Wrangler,2007,J
1JTCL64R0H0016923,Jeep,Wrangler,2002,J
1JTCL64R0H0016924,Jeep,Wrangler,2006,J
1JTCL64R0H0016925,Jeep,Wrangler,2011,J
1JTCL64R0H0016926,Jeep,Wrangler,2006,J
1JTCL64R0H0016927,Jeep,Wrangler,2011,J
1JTCL64R0H0016928,Jeep,Grand Cherokee,2001,J
1JTCL64R0H0016929,Jeep,Grand Cherokee,2012,J
1JTCL64R0H0016930,Jeep,Wrangler,1999,J
1JTCL64R0H0016931,Jeep,Grand Cherokee,2010,J
1JTCL64R0H0016932,Jeep,Wrangler,2008,J
1JTCL64R0H0016933,Jeep,Grand Cherokee,2003,J
1JTCL64R0H0016934,Jeep,Wrangler,2013,J
1JTCL64R0H0016935,Jeep,Grand Cherokee,2012,J
1JTCL64R0H0016936,Jeep,Wrangler,2002,J
1J8GM48546W159628,Jeep,Grand Cherokee,2004,J
1J8GM48546W159629,Jeep,Grand Cherokee,2003,J
1J8GM48546W159630,Jeep,Wrangler,2012,J
1J8GM48546W159631,Jeep,Grand Cherokee,1995,J
1J8GM48546W159632,Jeep,Grand Cherokee,2009,J
1J8GM48546W159633,Jeep,Wrangler,2005,J
1J8GM48546W159634,Jeep,Grand Cherokee,2002,J
1J8GM48546W159635,Jeep,Wrangler,2005,J
1J8GM48546W159636,Jeep,Wrangler,1997,J
1J8GM48546W159637,Jeep,Wrangler,2009,J
1J8GM48546W159638,Jeep,Grand Cherokee,2007,J
1J8GM48546W159639,Jeep,Grand Cherokee,1998,J
1J8GM48546W159640,Jeep,Wrangler,1999,J
1J8GM48546W159641,Jeep,Grand Cherokee,2009,J
1J8GM48546W159642,Jeep,Grand Cherokee,1997,J
1J8GM48546W159643,Jeep,Grand Cherokee,2010,J
1J8GM48546W159644,Jeep,Grand Cherokee,2002,J
1J8GM48546W159645,Jeep,Wrangler,2010,J
1J8GM48546W159646,Jeep,Wrangler,2006,J
1J8GM48546W159647,Jeep,Grand Cherokee,2012,J
1J8GM48546W159648,Jeep,Wrangler,2008,J
1J8GM48546W159649,Jeep,Wrangler,1995,J
1J8GM48546W159650,Jeep,Grand Cherokee,2010,J
1J8GM48546W159651,Jeep,Wrangler,2012,J
1JCBU7730H0015503,Jeep,Wrangler,2014,J
1JCBU7730H0015504,Jeep,Wrangler,2008,J
1JCBU7730H0015505,Jeep,Grand Cherokee,2005,J
1JCBU7730H0015506,Jeep,Wrangler,2015,J
1JCBU7730H0015507,Jeep,Wrangler,2015,J
1JCBU7730H0015508,Jeep,Wrangler,2010,J
1JCBU7730H0015509,Jeep,Wrangler,1996,J
1JCBU7730H0015510,Jeep,Wrangler,2007,J
1JCBU7730H0015511,Jeep,Wrangler,2015,J
1JCBU7730H0015512,Jeep,Wrangler,2001,J
1JCBU7730H0015513,Jeep,Grand Cherokee,1999,J
1JCBU7730H0015514,Jeep,Wrangler,2006,J
1JCBU7730H0015515,Jeep,Wrangler,2014,J
1JCBU7730H0015516,Jeep,Wrangler,2010,J
1JCBU7730H0015517,Jeep,Wrangler,1996,J
1JCBU7730H0015518,Jeep,Wrangler,2013,J
1JCBU7730H0015519,Jeep,Wrangler,2002,J
1JCBU7730H0015520,Jeep,Wrangler,2001,J
1JCBU7730H0015521,Jeep,Wrangler,2010,J
1JCBU7730H0015522,Jeep,Wrangler,2010,J
1JCBU7730H0015523,Jeep,Wrangler,2001,J
1JCBU7730H0015524,Jeep,Wrangler,2010,J
1JCBU7730H0015525,Jeep,Grand Cherokee,1995,J
1JCBU7730H0015526,Jeep,Grand Cherokee,2005,J
1JCBU7730H0015527,Jeep,Grand Cherokee,1998,J
1JCBU7730H0015528,Jeep,Grand Cherokee,2002,J
1JCBU7730H0015529,Jeep,Wrangler,1995,J
1JCBU7730H0015530,Jeep,Grand Cherokee,2013,J
4JGAB74E91A268050,Mercedes,E400,2007,F
4JGAB74E91A268051,Mercedes,C300,1995,F
4JGAB74E91A268052,Mercedes,E400,2005,F
4JGAB74E91A268053,Mercedes,C300,2000,F
4JGAB74E91A268054,Mercedes,C300,2002,F
4JGAB74E91A268055,Mercedes,ML350,2005,F
4JGAB74E91A268056,Mercedes,E400,2002,F
4JGAB74E91A268057,Mercedes,E400,2008,F
4JGAB74E91A268058,Mercedes,C300,2009,F
4JGAB74E91A268059,Mercedes,E400,2014,F
4JGAB74E91A268060,Mercedes,E400,2011,F
4JGAB74E91A268061,Mercedes,C300,2013,F
4JGAB74E91A268062,Mercedes,C300,2007,F
4JGAB74E91A268063,Mercedes,C300,2012,F
4JGAB74E91A268064,Mercedes,C300,2003,F
4JGAB74E91A268065,Mercedes,E400,1995,F
4JGAB74E91A268066,Mercedes,E400,2014,F
4JGAB74E91A268067,Mercedes,E400,2009,F
4JGAB74E91A268068,Mercedes,C300,2010,F
4JGAB74E91A268069,Mercedes,ML350,1998,F
4JGAB74E91A268070,Mercedes,ML350,2009,F
4JGAB74E91A268071,Mercedes,ML350,1996,F
4JGAB74E91A268072,Mercedes,E400,2005,F
4JGAB74E91A268073,Mercedes,ML350,2011,F
4JGAB74E91A268074,Mercedes,E400,2013,F
4JGAB74E91A268075,Mercedes,E400,2014,F
WDDPK5HA0DF051820,Mercedes,C300,2004,F
WDDPK5HA0DF051821,Mercedes,ML350,2005,F
WDDPK5HA0DF051822,Mercedes,ML350,2008,F
WDDPK5HA0DF051823,Mercedes,ML350,2005,F
WDDPK5HA0DF051824,Mercedes,C300,2001,F
WDDPK5HA0DF051825,Mercedes,ML350,1999,F
WDDPK5HA0DF051826,Mercedes,ML350,2013,F
WDDPK5HA0DF051827,Mercedes,ML350,1997,F
WDDPK5HA0DF051828,Mercedes,ML350,2015,F
WDDPK5HA0DF051829,Mercedes,E400,2002,F
WDDPK5HA0DF051830,Mercedes,E400,2001,F
WDDPK5HA0DF051831,Mercedes,C300,2012,F
WDDPK5HA0DF051832,Mercedes,ML350,2009,F
WDDPK5HA0DF051833,Mercedes,E400,2013,F
WDDPK5HA0DF051834,Mercedes,ML350,2013,F
WDDPK5HA0DF051835,Mercedes,ML350,2002,F
WDDPK5HA0DF051836,Mercedes,ML350,1996,F
WDDPK5HA0DF051837,Mercedes,E400,2008,F
WDDPK5HA0DF051838,Mercedes,E400,1999,F
WDDPK5HA0DF051839,Mercedes,E400,1995,F
WDDPK5HA0DF051840,Mercedes,E400,2007,F
WDDPK5HA0DF051841,Mercedes,E400,2002,F
WDDPK5HA0DF051842,Mercedes,E400,1996,F
WDDPK5HA0DF051843,Mercedes,ML350,2014,F
WDDPK5HA0DF051844,Mercedes,E400,1998,F
WDDPK5HA0DF051845,Mercedes,C300,2008,F
WDDHF8HBXAA213187,Mercedes,E400,1995,F
WDDHF8HBXAA213188,Mercedes,E400,2004,F
WDDHF8HBXAA213189,Mercedes,C300,2012,F
WDDHF8HBXAA213190,Mercedes,E400,2004,F
WDDHF8HBXAA213191,Mercedes,ML350,2015,F
WDDHF8HBXAA213192,Mercedes,ML350,2000,F
WDDHF8HBXAA213193,Mercedes,ML350,1995,F
WDDHF8HBXAA213194,Mercedes,E400,2002,F
WDDHF8HBXAA213195,Mercedes,C300,2000,F
WDDHF8HBXAA213196,Mercedes,C300,1997,F
WDDHF8HBXAA213197,Mercedes,C300,2009,F
WDDHF8HBXAA213198,Mercedes,C300,1995,F
WDBGA32E8PA096968,Mercedes,E400,2007,F
WDBGA32E8PA096969,Mercedes,ML350,2014,F
WDBGA32E8PA096970,Mercedes,E400,1998,F
WDBGA32E8PA096971,Mercedes,C300,2008,F
WDBGA32E8PA096972,Mercedes,E400,2013,F
WDBGA32E8PA096973,Mercedes,E400,2014,F
WDBGA32E8PA096974,Mercedes,C300,2012,F
WDBGA32E8PA096975,Mercedes,E400,2004,F
WDBGA32E8PA096976,Mercedes,ML350,2015,F
WDBGA32E8PA096977,Mercedes,ML350,2000,F
WDBGA32E8PA096978,Mercedes,ML350,2014,F
WDBGA32E8PA096979,Mercedes,E400,1998,F
WDBGA32E8PA096980,Mercedes,C300,2008,F
WDBGA32E8PA096981,Mercedes,E400,1995,F
WDBGA32E8PA096982,Mercedes,E400,2004,F
WDBGA32E8PA096983,Mercedes,C300,2012,F
WDBGA32E8PA096984,Mercedes,E400,2004,F
WDBGA32E8PA096985,Mercedes,E400,2013,F
WDZPE7CD1B5533648,Mercedes,E400,2014,F
WDZPE7CD1B5533649,Mercedes,E400,2014,F
WDZPE7CD1B5533650,Mercedes,E400,2011,F
WDZPE7CD1B5533651,Mercedes,C300,2013,F
WDZPE7CD1B5533652,Mercedes,C300,2007,F
WDZPE7CD1B5533653,Mercedes,C300,2012,F
WDZPE7CD1B5533654,Mercedes,C300,2003,F
WDZPE7CD1B5533655,Mercedes,E400,1995,F
5N1DD28T54C622979,Nissan,Pathfinder,2012,J
5N1DD28T54C622980,Nissan,Maxima,2012,D
5N1DD28T54C622981,Nissan,Pathfinder,2014,J
5N1DD28T54C622982,Nissan,Pathfinder,2011,J
5N1DD28T54C622983,Nissan,Pathfinder,1998,J
5N1DD28T54C622984,Nissan,Maxima,2014,D
5N1DD28T54C622985,Nissan,Maxima,2002,D
5N1DD28T54C622986,Nissan,Pathfinder,2013,J
5N1DD28T54C622987,Nissan,Ultima,2006,C
5N1DD28T54C622988,Nissan,Maxima,1999,D
5N1DD28T54C622989,Nissan,Pathfinder,2013,J
5N1DD28T54C622990,Nissan,Pathfinder,2014,J
5N1DD28T54C622991,Nissan,Maxima,2001,D
5N1DD28T54C622992,Nissan,Maxima,2015,D
JN1AZ34E74T064383,Nissan,Pathfinder,1999,J
JN1AZ34E74T064384,Nissan,Ultima,2009,C
JN1AZ34E74T064385,Nissan,Ultima,2001,C
JN1AZ34E74T064386,Nissan,Maxima,2004,D
JN1AZ34E74T064387,Nissan,Pathfinder,2001,J
JN1AZ34E74T064388,Nissan,Ultima,2002,C
JN1AZ34E74T064389,Nissan,Pathfinder,2011,J
JN1AZ34E74T064390,Nissan,Ultima,2012,C
JN1AZ34E74T064391,Nissan,Pathfinder,2003,J
JN1AZ34E74T064392,Nissan,Maxima,1998,D
JN1AZ34E74T064393,Nissan,Ultima,1998,C
JN1AZ34E74T064394,Nissan,Pathfinder,2010,J
JN1AZ34E74T064395,Nissan,Maxima,2004,D
JN1AZ34E74T064396,Nissan,Ultima,2005,C
JN1AZ34E74T064397,Nissan,Ultima,1997,C
JN1AZ34E74T064398,Nissan,Ultima,2004,C
JN1AS44D6WW551433,Nissan,Ultima,1999,C
JN1AS44D6WW551434,Nissan,Maxima,2011,D
JN1AS44D6WW551435,Nissan,Maxima,2014,D
JN1AS44D6WW551436,Nissan,Pathfinder,2010,J
JN1AS44D6WW551437,Nissan,Ultima,2006,C
JN1AS44D6WW551438,Nissan,Maxima,2014,D
JN1AS44D6WW551439,Nissan,Maxima,2001,D
JN1AS44D6WW551440,Nissan,Ultima,2015,C
JN1AS44D6WW551441,Nissan,Maxima,1995,D
JN1AS44D6WW551442,Nissan,Ultima,2005,C
JN1AS44D6WW551443,Nissan,Ultima,2011,C
JN1AS44D6WW551444,Nissan,Pathfinder,1997,J
JN1AS44D6WW551445,Nissan,Pathfinder,2006,J
JN1AS44D6WW551446,Nissan,Ultima,1995,C
JN1AS44D6WW551447,Nissan,Pathfinder,2007,J
JN1AS44D6WW551448,Nissan,Pathfinder,2007,J
JN1AS44D6WW551449,Nissan,Pathfinder,2000,J
1N4AA5AP9CC966900,Nissan,Maxima,2007,D
1N4AA5AP9CC966901,Nissan,Ultima,1996,C
1N4AA5AP9CC966902,Nissan,Ultima,2014,C
1N4AA5AP9CC966903,Nissan,Maxima,2013,D
1N4AA5AP9CC966904,Nissan,Maxima,2003,D
1N4AA5AP9CC966905,Nissan,Maxima,2002,D
1N4AA5AP9CC966906,Nissan,Ultima,1997,C
1N4AA5AP9CC966907,Nissan,Pathfinder,2006,J
1N4AA5AP9CC966908,Nissan,Maxima,2012,D
1N4AA5AP9CC966909,Nissan,Maxima,1997,D
1N4AA5AP9CC966910,Nissan,Maxima,1997,D
1N4AA5AP9CC966911,Nissan,Ultima,2005,C
1N4AA5AP9CC966912,Nissan,Ultima,2003,C
1N4AA5AP9CC966913,Nissan,Pathfinder,2011,J
1N4AA5AP9CC966914,Nissan,Pathfinder,2005,J
1N4AA5AP9CC966915,Nissan,Maxima,2010,D
1N4AA5AP9CC966916,Nissan,Pathfinder,2006,J
1N4AA5AP9CC966917,Nissan,Pathfinder,2011,J
1N4AA5AP9CC966918,Nissan,Pathfinder,2007,J
1N4AA5AP9CC966919,Nissan,Pathfinder,2006,J
1N4AA5AP9CC966920,Nissan,Pathfinder,1996,J
1N4AA5AP9CC966921,Nissan,Pathfinder,2000,J
1N4AA5AP9CC966922,Nissan,Pathfinder,2006,J
1N4AA5AP9CC966923,Nissan,Pathfinder,1998,J
1N4AA5AP9CC966924,Nissan,Pathfinder,2012,J
1N4AA5AP9CC966925,Nissan,Ultima,1998,C
1N4AA5AP9CC966926,Nissan,Ultima,2000,C
1N4AA5AP9CC966927,Nissan,Maxima,2000,D
1N4AA5AP9CC966928,Nissan,Maxima,2013,D
1N4AA5AP9CC966929,Nissan,Ultima,2014,C
1N4AA5AP9CC966930,Nissan,Pathfinder,2010,J
YS3EB59A273512725,Saab,92x,2004,C
YS3EB59A273512726,Saab,95,2003,E
YS3EB59A273512727,Saab,92x,1996,C
YS3EB59A273512728,Saab,95,2000,E
YS3EB59A273512729,Saab,93,2007,D
YS3EB59A273512730,Saab,95,2004,E
YS3EB59A273512731,Saab,93,1995,D
YS3EB59A273512732,Saab,95,1999,E
YS3EB59A273512733,Saab,92x,2007,C
YS3EB59A273512734,Saab,95,2004,E
YS3EB59A273512735,Saab,95,2000,E
YS3EB59A273512736,Saab,93,2000,D
YS3EB59A273512737,Saab,93,2007,D
YS3EB59A273512738,Saab,92x,2000,C
YS3EB59A273512739,Saab,93,2013,D
YS3EB59A273512740,Saab,92x,2013,C
YS3EB59A273512741,Saab,95,1999,E
YS3EB59A273512742,Saab,95,2006,E
YS3ED58E7Y9000066,Saab,93,1995,D
YS3ED58E7Y9000067,Saab,92x,1998,C
YS3ED58E7Y9000068,Saab,93,2015,D
YS3ED58E7Y9000069,Saab,92x,2010,C
YS3ED58E7Y9000070,Saab,92x,2015,C
YS3ED58E7Y9000071,Saab,92x,2008,C
YS3ED58E7Y9000072,Saab,95,1998,E
YS3ED58E7Y9000073,Saab,93,2012,D
YS3ED58E7Y9000074,Saab,92x,2000,C
YS3ED58E7Y9000075,Saab,93,2005,D
YS3ED58E7Y9000076,Saab,93,1999,D
YS3ED58E7Y9000077,Saab,93,1995,D
YS3ED58E7Y9000078,Saab,92x,2005,C
YS3ED58E7Y9000079,Saab,95,2003,E
YS3ED58E7Y9000080,Saab,95,2015,E
YS3CC55B6N9000060,Saab,92x,2005,C
YS3CC55B6N9000061,Saab,93,2013,D
YS3CC55B6N9000062,Saab,92x,1998,C
YS3CC55B6N9000063,Saab,95,1996,E
YS3CC55B6N9000064,Saab,95,2007,E
YS3CC55B6N9000065,Saab,95,2013,E
YS3CC55B6N9000066,Saab,92x,2014,C
YS3CC55B6N9000067,Saab,95,2013,E
YS3CC55B6N9000068,Saab,95,2006,E
YS3CC55B6N9000069,Saab,92x,2002,C
YS3CC55B6N9000070,Saab,93,1996,D
YS3CC55B6N9000071,Saab,93,2011,D
YS3CC55B6N9000072,Saab,92x,2007,C
YS3CC55B6N9000073,Saab,93,2003,D
YS3CC55B6N9000074,Saab,93,2006,D
YS3CC55B6N9000075,Saab,92x,1997,C
YS3CC55B6N9000076,Saab,95,1999,E
YS3CC55B6N9000077,Saab,92x,1995,C
YS3ED45E2V9900027,Saab,95,1999,E
YS3ED45E2V9900028,Saab,93,2006,D
YS3ED45E2V9900029,Saab,93,2003,D
YS3ED45E2V9900030,Saab,92x,1995,C
YS3ED45E2V9900031,Saab,92x,1998,C
YS3ED45E2V9900032,Saab,95,1999,E
YS3ED45E2V9900033,Saab,92x,1996,C
YS3ED45E2V9900034,Saab,95,1998,E
YS3ED45E2V9900035,Saab,92x,2012,C
YS3ED45E2V9900036,Saab,92x,2007,C
YS3ED45E2V9900037,Saab,93,2005,D
YS3ED45E2V9900038,Saab,93,1995,D
YS3ED45E2V9900039,Saab,95,1995,E
YS3ED45E2V9900040,Saab,95,2013,E
YS3FB59S581102415,Saab,93,2015,D
YS3FB59S581102416,Saab,95,1999,E
YS3FB59S581102417,Saab,93,2001,D
YS3FB59S581102418,Saab,95,2008,E
YS3FB59S581102419,Saab,93,2000,D
YS3FB59S581102420,Saab,93,2008,D
YS3FB59S581102421,Saab,95,2006,E
YS3FB59S581102422,Saab,92x,1998,C
YS3FB59S581102423,Saab,92x,2008,C
YS3FB59S581102424,Saab,92x,1998,C
YS3FB59S581102425,Saab,95,2014,E
YS3FB59S581102426,Saab,92x,2005,C
YS3FB59S581102427,Saab,93,1996,D
YS3FB59S581102428,Saab,92x,2008,C
YS3FB59S581102429,Saab,95,2004,E
JF1AW53B0E0016824,Subaru,Legacy,2015,C
JF1AW53B0E0016825,Subaru,Impreza,2011,B
JF1AW53B0E0016826,Subaru,Forrestor,2000,J
JF1AW53B0E0016827,Subaru,Forrestor,2003,J
JF1AW53B0E0016828,Subaru,Impreza,2015,B
JF1AW53B0E0016829,Subaru,Forrestor,2004,J
JF1AW53B0E0016830,Subaru,Legacy,2001,C
JF1AW53B0E0016831,Subaru,Forrestor,1999,J
JF1AW53B0E0016832,Subaru,Legacy,2003,C
JF1AW53B0E0016833,Subaru,Legacy,1998,C
JF1AW53B0E0016834,Subaru,Legacy,2007,C
JF1AW53B0E0016835,Subaru,Legacy,2002,C
JF1AW53B0E0016836,Subaru,Impreza,2001,B
JF1AW53B0E0016837,Subaru,Forrestor,2001,J
JF1AW53B0E0016838,Subaru,Impreza,2011,B
JF1AW53B0E0016839,Subaru,Forrestor,1997,J
4S3BMAF61A1238644,Subaru,Legacy,2013,C
4S3BMAF61A1238645,Subaru,Legacy,2012,C
4S3BMAF61A1238646,Subaru,Impreza,2011,B
4S3BMAF61A1238647,Subaru,Legacy,2006,C
4S3BMAF61A1238648,Subaru,Legacy,2002,C
4S3BMAF61A1238649,Subaru,Legacy,2009,C
4S3BMAF61A1238650,Subaru,Legacy,1999,C
4S3BMAF61A1238651,Subaru,Forrestor,2009,J
4S3BMAF61A1238652,Subaru,Impreza,1995,B
4S3BMAF61A1238653,Subaru,Forrestor,1999,J
4S3BMAF61A1238654,Subaru,Legacy,1999,C
4S3BMAF61A1238655,Subaru,Legacy,2012,C
4S3BMAF61A1238656,Subaru,Forrestor,2006,J
4S3BMAF61A1238657,Subaru,Legacy,1995,C
4S3BMAF61A1238658,Subaru,Forrestor,1996,J
4S3BMAF61A1238659,Subaru,Impreza,2008,B
JF1GM4350XG401587,Subaru,Forrestor,2002,J
JF1GM4350XG401588,Subaru,Forrestor,2000,J
JF1GM4350XG401589,Subaru,Impreza,2010,B
JF1GM4350XG401590,Subaru,Forrestor,2009,J
JF1GM4350XG401591,Subaru,Forrestor,2012,J
JF1GM4350XG401592,Subaru,Legacy,2009,C
JF1GM4350XG401593,Subaru,Forrestor,2008,J
JF1GM4350XG401594,Subaru,Legacy,1999,C
JF1GM4350XG401595,Subaru,Forrestor,2000,J
JF1GM4350XG401596,Subaru,Legacy,1997,C
JF1GM4350XG401597,Subaru,Legacy,2001,C
JF1GM4350XG401598,Subaru,Forrestor,2003,J
JF1GM4350XG401599,Subaru,Impreza,2013,B
JF2AF52B0B0011339,Subaru,Legacy,2013,C
JF2AF52B0B0011340,Subaru,Impreza,1996,B
JF2AF52B0B0011341,Subaru,Forrestor,2003,J
JF2AF52B0B0011342,Subaru,Impreza,1997,B
JF2AF52B0B0011343,Subaru,Legacy,1998,C
JF2AF52B0B0011344,Subaru,Forrestor,2003,J
JF2AF52B0B0011345,Subaru,Legacy,2010,C
JF2AF52B0B0011346,Subaru,Forrestor,2005,J
JF2AF52B0B0011347,Subaru,Legacy,2009,C
JF2AF52B0B0011348,Subaru,Legacy,1999,C
JF1AN4320J0019228,Subaru,Forrestor,1997,J
JF1AN4320J0019229,Subaru,Legacy,2007,C
JF1AN4320J0019230,Subaru,Forrestor,2003,J
JF1AN4320J0019231,Subaru,Impreza,2007,B
JF1AN4320J0019232,Subaru,Forrestor,2007,J
JF1AN4320J0019233,Subaru,Legacy,2009,C
JF1AN4320J0019234,Subaru,Legacy,2015,C
JF1AN4320J0019235,Subaru,Impreza,2006,B
JF1AN4320J0019236,Subaru,Forrestor,1997,J
JF1AN4320J0019237,Subaru,Legacy,2005,C
JF1AN4320J0019238,Subaru,Impreza,2012,B
JF1GD45M36H065432,Subaru,Legacy,2005,C
JF1GD45M36H065433,Subaru,Impreza,2009,B
JF1GD45M36H065434,Subaru,Forrestor,1999,J
JF1GD45M36H065435,Subaru,Legacy,2012,C
JF1GD45M36H065436,Subaru,Impreza,2000,B
JF1GD45M36H065437,Subaru,Impreza,2002,B
JF1GD45M36H065438,Subaru,Forrestor,1997,J
JTMZK31V99D000372,Toyota,Camry,2012,C
JTMZK31V99D000373,Toyota,Highlander,2010,J
JTMZK31V99D000374,Toyota,Camry,2005,C
JTMZK31V99D000375,Toyota,Corolla,2005,C
JTMZK31V99D000376,Toyota,Highlander,2014,J
JTMZK31V99D000377,Toyota,Corolla,2000,C
JTMZK31V99D000378,Toyota,Highlander,2001,J
JTMZK31V99D000379,Toyota,Highlander,2008,J
JTMZK31V99D000380,Toyota,Highlander,2011,J
JTMZK31V99D000381,Toyota,Camry,1999,C
JTMZK31V99D000382,Toyota,Highlander,2015,J
JTMZK31V99D000383,Toyota,Corolla,2015,C
JTMZK31V99D000384,Toyota,Corolla,2005,C
JTMZK31V99D000385,Toyota,Highlander,2006,J
JTMZK31V99D000386,Toyota,Camry,2014,C
JTMZK31V99D000387,Toyota,Camry,2006,C
JT3HF21A220065640,Toyota,Highlander,2003,J
JT3HF21A220065641,Toyota,Camry,1997,C
JT3HF21A220065642,Toyota,Camry,2014,C
JT3HF21A220065643,Toyota,Corolla,2014,C
JT3HF21A220065644,Toyota,Highlander,2006,J
JT3HF21A220065645,Toyota,Corolla,2005,C
JT3HF21A220065646,Toyota,Camry,2005,C
JT3HF21A220065647,Toyota,Highlander,2011,J
JT3HF21A220065648,Toyota,Highlander,1996,J
JT3HF21A220065649,Toyota,Corolla,2009,C
JT3HF21A220065650,Toyota,Highlander,2013,J
JT3HF21A220065651,Toyota,Corolla,1999,C
JT3HF21A220065652,Toyota,Camry,1995,C
JT3HF21A220065653,Toyota,Corolla,2012,C
JT2SV12H0E0208513,Toyota,Camry,2012,C
JT2SV12H0E0208514,Toyota,Camry,2011,C
JT2SV12H0E0208515,Toyota,Corolla,2005,C
JT2SV12H0E0208516,Toyota,Corolla,2004,C
JT2SV12H0E0208517,Toyota,Camry,2011,C
JT2SV12H0E0208518,Toyota,Highlander,2010,J
JT2SV12H0E0208519,Toyota,Highlander,2003,J
JT2SV12H0E0208520,Toyota,Corolla,2009,C
JT2SV12H0E0208521,Toyota,Highlander,2000,J
JT2SV12H0E0208522,Toyota,Camry,2000,C
JT2SV12H0E0208523,Toyota,Highlander,2008,J
JT2SV12H0E0208524,Toyota,Corolla,2006,C
JT2SV12H0E0208525,Toyota,Camry,2010,C
5TEMU52NX6Z303498,Toyota,Camry,2010,C
5TEMU52NX6Z303499,Toyota,Camry,2001,C
5TEMU52NX6Z303500,Toyota,Camry,2010,C
5TEMU52NX6Z303501,Toyota,Corolla,1995,C
5TEMU52NX6Z303502,Toyota,Highlander,2006,J
5TEMU52NX6Z303503,Toyota,Highlander,2012,J
5TEMU52NX6Z303504,Toyota,Highlander,2000,J
5TEMU52NX6Z303505,Toyota,Camry,2006,C
5TEMU52NX6Z303506,Toyota,Camry,2012,C
5TEMU52NX6Z303507,Toyota,Camry,2003,C
5TEMU52NX6Z303508,Toyota,Corolla,2015,C
5TEMU52NX6Z303509,Toyota,Camry,1999,C
5TEMU52NX6Z303510,Toyota,Camry,1995,C
5TEMU52NX6Z303511,Toyota,Corolla,2002,C
5TEMU52NX6Z303512,Toyota,Corolla,2005,C
5TEMU52NX6Z303513,Toyota,Camry,2005,C
5TBDT441965545985,Toyota,Camry,2000,C
WVWAB7AJ8CW168081,Toyota,Corolla,1998,C
WVWAB7AJ8CW168082,Toyota,Camry,2008,C
WVWAB7AJ8CW168083,Toyota,Highlander,2010,J
WVWAB7AJ8CW168084,Toyota,Highlander,2005,J
WVWAB7AJ8CW168085,Toyota,Corolla,2013,C
WVWAB7AJ8CW168086,Toyota,Camry,2001,C
WVWAB7AJ8CW168087,Toyota,Camry,2003,C
WVWAB7AJ8CW168088,Toyota,Camry,2005,C
WVWAB7AJ8CW168089,Toyota,Corolla,2013,C
WVWAB7AJ8CW168090,Toyota,Highlander,2015,J
WVWAB7AJ8CW168091,Volkswagen,Passat,1995,C
WVWAB7AJ8CW168092,Volkswagen,Jetta,2002,C
WVWAB7AJ8CW168093,Volkswagen,Passat,1997,C
WVWAB7AJ8CW168094,Volkswagen,Passat,2000,C
WVWGK73C07E159976,Volkswagen,Passat,1996,C
WVWGK73C07E159977,Volkswagen,Jetta,2007,C
WVWGK73C07E159978,Volkswagen,Jetta,2006,C
WVWGK73C07E159979,Volkswagen,Passat,2002,C
WVWGK73C07E159980,Volkswagen,Jetta,2007,C
WVWGK73C07E159981,Volkswagen,Jetta,2014,C
WVWGK73C07E159982,Volkswagen,Jetta,2003,C
WVWGK73C07E159983,Volkswagen,Passat,2008,C
WVWGK73C07E159984,Volkswagen,Passat,2009,C
WVWGK73C07E159985,Volkswagen,Passat,2005,C
WVWGK73C07E159986,Volkswagen,Passat,2013,C
WVWGK73C07E159987,Volkswagen,Passat,2010,C
WVWGK73C07E159988,Volkswagen,Jetta,2003,C
WVWGK73C07E159989,Volkswagen,Jetta,2011,C
WVWGK73C07E159990,Volkswagen,Passat,1995,C
WVWGK73C07E159991,Volkswagen,Passat,2005,C
1VWFA9170G0017198,Volkswagen,Passat,2015,C
1VWFA9170G0017199,Volkswagen,Jetta,2006,C
1VWFA9170G0017200,Volkswagen,Jetta,2009,C
1VWFA9170G0017201,Volkswagen,Jetta,1996,C
1VWFA9170G0017202,Volkswagen,Passat,2011,C
1VWFA9170G0017203,Volkswagen,Passat,1997,C
1VWFA9170G0017204,Volkswagen,Passat,2007,C
1VWFA9170G0017205,Volkswagen,Passat,2015,C
1VWFA9170G0017206,Volkswagen,Jetta,1996,C
1VWFA9170G0017207,Volkswagen,Passat,2004,C
1VWFA9170G0017208,Volkswagen,Jetta,2003,C
1VWFA9170G0017209,Volkswagen,Jetta,2004,C
1VWFA9170G0017210,Volkswagen,Jetta,2011,C
1VWFA9170G0017211,Volkswagen,Jetta,1999,C
1VWFA9170G0017212,Volkswagen,Jetta,2014,C
1VWFA9170G0017213,Volkswagen,Jetta,1998,C
1VWFA9170G0017214,Volkswagen,Jetta,2013,C
1VWFA9170G0017215,Volkswagen,Jetta,2008,C
1VWFA9170G0017216,Volkswagen,Jetta,1996,C
3VWSF31C070014459,Volkswagen,Passat,2003,C
3VWSF31C070014460,Volkswagen,Passat,2010,C
3VWSF31C070014461,Volkswagen,Passat,2000,C
3VWSF31C070014462,Volkswagen,Jetta,2009,C
3VWSF31C070014463,Volkswagen,Passat,2009,C
3VWSF31C070014464,Volkswagen,Jetta,2006,C
3VWSF31C070014465,Volkswagen,Passat,2000,C
3VWSF31C070014466,Volkswagen,Jetta,2007,C
3VWSF31C070014467,Volkswagen,Jetta,2003,C
3VWSF31C070014468,Volkswagen,Jetta,2001,C
3VWSF31C070014469,Volkswagen,Passat,2011,C
3VWSF31C070014470,Volkswagen,Passat,2015,C
3VWSF31C070014471,Volkswagen,Jetta,2011,C
3VWSF31C070014472,Volkswagen,Passat,2003,C
3VWFT71K06M851051,Volkswagen,Jetta,2003,C
3VWFT71K06M851052,Volkswagen,Passat,2012,C
3VWFT71K06M851053,Volkswagen,Jetta,2014,C
3VWFT71K06M851054,Volkswagen,Passat,2008,C
3VWFT71K06M851055,Volkswagen,Jetta,1997,C
3VWFT71K06M851056,Volkswagen,Passat,2002,C
3VWFT71K06M851057,Volkswagen,Jetta,2004,C
3VWFT71K06M851058,Volkswagen,Jetta,2007,C
3VWFT71K06M851059,Volkswagen,Jetta,1996,C
3VWFT71K06M851060,Volkswagen,Passat,1998,C
3VWFT71K06M851061,Volkswagen,Passat,1998,C
3VWFT71K06M851062,Volkswagen,Jetta,2012,C
3VWFT71K06M851063,Volkswagen,Jetta,2008,C
3VWFT71K06M851064,Volkswagen,Passat,2012,C
3VWFT71K06M851065,Volkswagen,Passat,2015,C
